2025-02-22T15:27:25.3707418+01:00,9f742e51694b,test4-pm2:462b92b,55.45,MiB,512,MiB
2025-02-22T15:27:25.3707418+01:00,ed8b898199b5,test4-node:462b92b,27.87,MiB,512,MiB
2025-02-22T15:27:25.3707418+01:00,7a520b347c3e,test3-pm2:462b92b,42.87,MiB,512,MiB
2025-02-22T15:27:25.3707418+01:00,2e43bff16c6e,test3-node:462b92b,14.98,MiB,512,MiB
2025-02-22T15:27:25.3707418+01:00,fa25889126b3,test1-pm2:462b92b,40.55,MiB,512,MiB
2025-02-22T15:27:25.3707418+01:00,eedbe2616f0b,test1-node:462b92b,9.438,MiB,512,MiB
2025-02-22T15:27:38.4213693+01:00,9f742e51694b,test4-pm2:462b92b,142.3,MiB,512,MiB
2025-02-22T15:27:38.4213693+01:00,ed8b898199b5,test4-node:462b92b,42.82,MiB,512,MiB
2025-02-22T15:27:38.4213693+01:00,7a520b347c3e,test3-pm2:462b92b,41.43,MiB,512,MiB
2025-02-22T15:27:38.4213693+01:00,2e43bff16c6e,test3-node:462b92b,14.64,MiB,512,MiB
2025-02-22T15:27:38.4213693+01:00,fa25889126b3,test1-pm2:462b92b,43.29,MiB,512,MiB
2025-02-22T15:27:38.4213693+01:00,eedbe2616f0b,test1-node:462b92b,10.95,MiB,512,MiB
2025-02-22T15:27:51.4360586+01:00,9f742e51694b,test4-pm2:462b92b,269.1,MiB,512,MiB
2025-02-22T15:27:51.4360586+01:00,ed8b898199b5,test4-node:462b92b,59.48,MiB,512,MiB
2025-02-22T15:27:51.4360586+01:00,7a520b347c3e,test3-pm2:462b92b,42.73,MiB,512,MiB
2025-02-22T15:27:51.4360586+01:00,2e43bff16c6e,test3-node:462b92b,15.29,MiB,512,MiB
2025-02-22T15:27:51.4360586+01:00,fa25889126b3,test1-pm2:462b92b,43.43,MiB,512,MiB
2025-02-22T15:27:51.4360586+01:00,eedbe2616f0b,test1-node:462b92b,11.23,MiB,512,MiB
